{
  "total_tests": 1000,
  "successful": 1000,
  "failed": 0,
  "success_rate": 100.0,
  "win_rate_6": 100.0,
  "guesses": {
    "mean": 2.86,
    "median": 3.0,
    "std": 0.3469870314579495,
    "min": 2,
    "max": 3,
    "q1": 3.0,
    "q3": 3.0
  },
  "nodes": {
    "mean": 33.712,
    "median": 30.0,
    "std": 16.844258843890994,
    "min": 2,
    "max": 95,
    "q1": 23.0,
    "q3": 44.0
  },
  "time": {
    "mean": 0.02511877989768982,
    "median": 0.02465355396270752,
    "std": 0.0028675774740645464,
    "min": 0.01662731170654297,
    "max": 0.04155325889587402,
    "total": 25.11877989768982
  },
  "guess_distribution": {
    "3": 860,
    "2": 140
  },
  "path_length_distribution": {
    "3": 860,
    "2": 140
  }
}