{
  "total_tests": 1000,
  "successful": 1000,
  "failed": 0,
  "success_rate": 100.0,
  "win_rate_6": 100.0,
  "guesses": {
    "mean": 2.849,
    "median": 3.0,
    "std": 0.3580488793447062,
    "min": 2,
    "max": 3,
    "q1": 3.0,
    "q3": 3.0
  },
  "nodes": {
    "mean": 33.247,
    "median": 30.5,
    "std": 16.275625671537178,
    "min": 2,
    "max": 96,
    "q1": 23.0,
    "q3": 43.0
  },
  "time": {
    "mean": 0.024608529090881348,
    "median": 0.024308323860168457,
    "std": 0.0029139771662767544,
    "min": 0.017235517501831055,
    "max": 0.04392290115356445,
    "total": 24.608529090881348
  },
  "memory": {
    "mean": 10784.598,
    "median": 10538.0,
    "std": 3899.3073393098935,
    "min": 1406,
    "max": 28496,
    "total": 10784598
  },
  "guess_distribution": {
    "3": 849,
    "2": 151
  },
  "path_length_distribution": {
    "3": 849,
    "2": 151
  }
}