{
  "total_tests": 1000,
  "successful": 1000,
  "failed": 0,
  "success_rate": 100.0,
  "win_rate_6": 81.69999999999999,
  "guesses": {
    "mean": 5.146,
    "median": 5.0,
    "std": 1.7339792386300363,
    "min": 2,
    "max": 15,
    "q1": 4.0,
    "q3": 6.0
  },
  "nodes": {
    "mean": 5.146,
    "median": 5.0,
    "std": 1.7339792386300363,
    "min": 2,
    "max": 15,
    "q1": 4.0,
    "q3": 6.0
  },
  "time": {
    "mean": 0.020735453605651856,
    "median": 0.02071070671081543,
    "std": 0.002449875722364068,
    "min": 0.010135889053344727,
    "max": 0.036759138107299805,
    "total": 20.735453605651855
  },
  "guess_distribution": {
    "4": 276,
    "3": 123,
    "6": 167,
    "8": 42,
    "2": 14,
    "5": 237,
    "7": 97,
    "9": 17,
    "10": 17,
    "12": 4,
    "11": 4,
    "13": 1,
    "15": 1
  },
  "path_length_distribution": {
    "4": 276,
    "3": 123,
    "6": 167,
    "8": 42,
    "2": 14,
    "5": 237,
    "7": 97,
    "9": 17,
    "10": 17,
    "12": 4,
    "11": 4,
    "13": 1,
    "15": 1
  }
}