{
  "total_tests": 1000,
  "successful": 1000,
  "failed": 0,
  "success_rate": 100.0,
  "win_rate_6": 82.19999999999999,
  "guesses": {
    "mean": 5.149,
    "median": 5.0,
    "std": 1.6609632747294565,
    "min": 2,
    "max": 15,
    "q1": 4.0,
    "q3": 6.0
  },
  "nodes": {
    "mean": 5.149,
    "median": 5.0,
    "std": 1.6609632747294565,
    "min": 2,
    "max": 15,
    "q1": 4.0,
    "q3": 6.0
  },
  "time": {
    "mean": 0.020742372512817384,
    "median": 0.02084052562713623,
    "std": 0.002418215701371633,
    "min": 0.010267972946166992,
    "max": 0.03314328193664551,
    "total": 20.742372512817383
  },
  "memory": {
    "mean": 29667.344,
    "median": 20771.0,
    "std": 27824.780761789734,
    "min": 298,
    "max": 99802,
    "total": 29667344
  },
  "guess_distribution": {
    "7": 89,
    "4": 240,
    "5": 274,
    "6": 169,
    "8": 42,
    "3": 122,
    "2": 17,
    "9": 32,
    "12": 1,
    "10": 12,
    "11": 1,
    "15": 1
  },
  "path_length_distribution": {
    "7": 89,
    "4": 240,
    "5": 274,
    "6": 169,
    "8": 42,
    "3": 122,
    "2": 17,
    "9": 32,
    "12": 1,
    "10": 12,
    "11": 1,
    "15": 1
  }
}