{
  "total_tests": 1000,
  "successful": 1000,
  "failed": 0,
  "success_rate": 100.0,
  "win_rate_6": 92.10000000000001,
  "guesses": {
    "mean": 4.549,
    "median": 4.0,
    "std": 1.3789847714895187,
    "min": 2,
    "max": 14,
    "q1": 4.0,
    "q3": 5.0
  },
  "nodes": {
    "mean": 27.361,
    "median": 16.0,
    "std": 36.24727133178441,
    "min": 0,
    "max": 233,
    "q1": 5.0,
    "q3": 33.0
  },
  "time": {
    "mean": 0.0009748141765594482,
    "median": 0.000995039939880371,
    "std": 0.0012465650647795587,
    "min": 0.0,
    "max": 0.008743047714233398,
    "total": 0.9748141765594482
  },
  "memory": {
    "mean": 342.31,
    "median": 309.0,
    "std": 139.0257670361865,
    "min": 188,
    "max": 2372,
    "total": 342310
  },
  "guess_distribution": {
    "6": 105,
    "3": 174,
    "5": 243,
    "2": 17,
    "7": 43,
    "4": 382,
    "9": 10,
    "10": 4,
    "8": 19,
    "14": 1,
    "12": 1,
    "11": 1
  },
  "path_length_distribution": {
    "6": 105,
    "3": 174,
    "5": 243,
    "2": 17,
    "7": 43,
    "4": 382,
    "9": 10,
    "10": 4,
    "8": 19,
    "14": 1,
    "12": 1,
    "11": 1
  }
}