{
  "total_tests": 1000,
  "successful": 1000,
  "failed": 0,
  "success_rate": 100.0,
  "win_rate_6": 93.89999999999999,
  "guesses": {
    "mean": 4.481,
    "median": 4.0,
    "std": 1.2952370439421503,
    "min": 2,
    "max": 13,
    "q1": 4.0,
    "q3": 5.0
  },
  "nodes": {
    "mean": 27.88,
    "median": 16.0,
    "std": 36.47138056065331,
    "min": 0,
    "max": 230,
    "q1": 5.0,
    "q3": 35.0
  },
  "time": {
    "mean": 0.001113276481628418,
    "median": 0.0008487701416015625,
    "std": 0.0014766903798982213,
    "min": 0.0,
    "max": 0.010886430740356445,
    "total": 1.113276481628418
  },
  "guess_distribution": {
    "3": 180,
    "2": 9,
    "5": 241,
    "6": 98,
    "4": 411,
    "7": 31,
    "9": 10,
    "10": 4,
    "8": 13,
    "11": 2,
    "13": 1
  },
  "path_length_distribution": {
    "3": 180,
    "2": 9,
    "5": 241,
    "6": 98,
    "4": 411,
    "7": 31,
    "9": 10,
    "10": 4,
    "8": 13,
    "11": 2,
    "13": 1
  }
}