{
  "total_tests": 1000,
  "successful": 1000,
  "failed": 0,
  "success_rate": 100.0,
  "win_rate_6": 90.0,
  "guesses": {
    "mean": 4.687,
    "median": 4.0,
    "std": 1.4515615729275835,
    "min": 2,
    "max": 13,
    "q1": 4.0,
    "q3": 5.0
  },
  "nodes": {
    "mean": 2.798,
    "median": 2.0,
    "std": 1.388234850448583,
    "min": 1,
    "max": 11,
    "q1": 2.0,
    "q3": 3.0
  },
  "time": {
    "mean": 0.006093074321746826,
    "median": 0.006249189376831055,
    "std": 0.004965905317232907,
    "min": 0.0,
    "max": 0.024210214614868164,
    "total": 6.093074321746826
  },
  "memory": {
    "mean": 349.658,
    "median": 346.0,
    "std": 108.45075857733777,
    "min": 234,
    "max": 1572,
    "total": 349658
  },
  "guess_distribution": {
    "5": 254,
    "4": 368,
    "3": 154,
    "6": 112,
    "8": 21,
    "7": 57,
    "9": 11,
    "2": 12,
    "13": 1,
    "12": 3,
    "11": 2,
    "10": 5
  },
  "path_length_distribution": {
    "5": 254,
    "4": 368,
    "3": 154,
    "6": 112,
    "8": 21,
    "7": 57,
    "9": 11,
    "2": 12,
    "13": 1,
    "12": 3,
    "11": 2,
    "10": 5
  },
  "hard_mode": true
}