{
  "total_tests": 1000,
  "successful": 1000,
  "failed": 0,
  "success_rate": 100.0,
  "win_rate_6": 97.89999999999999,
  "guesses": {
    "mean": 4.497,
    "median": 4.0,
    "std": 0.907739500076977,
    "min": 2,
    "max": 8,
    "q1": 4.0,
    "q3": 5.0
  },
  "nodes": {
    "mean": 2.383,
    "median": 2.0,
    "std": 0.8799494303651774,
    "min": 1,
    "max": 6,
    "q1": 2.0,
    "q3": 3.0
  },
  "time": {
    "mean": 0.01021160626411438,
    "median": 0.010179400444030762,
    "std": 0.005567293184854755,
    "min": 0.0,
    "max": 0.03439617156982422,
    "total": 10.21160626411438
  },
  "memory": {
    "mean": 329.478,
    "median": 288.0,
    "std": 241.60540456703373,
    "min": 234,
    "max": 5676,
    "total": 329478
  },
  "guess_distribution": {
    "4": 438,
    "3": 105,
    "6": 107,
    "5": 327,
    "7": 19,
    "2": 2,
    "8": 2
  },
  "path_length_distribution": {
    "4": 438,
    "3": 105,
    "6": 107,
    "5": 327,
    "7": 19,
    "2": 2,
    "8": 2
  },
  "hard_mode": false
}