{
  "total_tests": 1000,
  "successful": 1000,
  "failed": 0,
  "success_rate": 100.0,
  "win_rate_6": 88.7,
  "guesses": {
    "mean": 4.687,
    "median": 4.0,
    "std": 1.518891372021054,
    "min": 2,
    "max": 13,
    "q1": 4.0,
    "q3": 5.0
  },
  "nodes": {
    "mean": 2.771,
    "median": 2.0,
    "std": 1.4589581899423987,
    "min": 0,
    "max": 11,
    "q1": 2.0,
    "q3": 3.0
  },
  "time": {
    "mean": 0.005975352764129639,
    "median": 0.006017088890075684,
    "std": 0.004966806088954872,
    "min": 0.0,
    "max": 0.021346092224121094,
    "total": 5.975352764129639
  },
  "guess_distribution": {
    "2": 13,
    "4": 361,
    "5": 251,
    "3": 167,
    "6": 95,
    "7": 70,
    "9": 9,
    "8": 16,
    "11": 4,
    "13": 2,
    "10": 11,
    "12": 1
  },
  "path_length_distribution": {
    "2": 13,
    "4": 361,
    "5": 251,
    "3": 167,
    "6": 95,
    "7": 70,
    "9": 9,
    "8": 16,
    "11": 4,
    "13": 2,
    "10": 11,
    "12": 1
  },
  "hard_mode": true
}