{
  "total_tests": 1000,
  "successful": 1000,
  "failed": 0,
  "success_rate": 100.0,
  "win_rate_6": 97.0,
  "guesses": {
    "mean": 4.54,
    "median": 4.0,
    "std": 0.9297311439335568,
    "min": 1,
    "max": 8,
    "q1": 4.0,
    "q3": 5.0
  },
  "nodes": {
    "mean": 2.416,
    "median": 2.0,
    "std": 0.8768945204527168,
    "min": 0,
    "max": 6,
    "q1": 2.0,
    "q3": 3.0
  },
  "time": {
    "mean": 0.009787018537521362,
    "median": 0.010190844535827637,
    "std": 0.005309080891473014,
    "min": 0.0,
    "max": 0.03070855140686035,
    "total": 9.787018537521362
  },
  "guess_distribution": {
    "4": 410,
    "5": 358,
    "3": 102,
    "7": 27,
    "6": 98,
    "8": 3,
    "1": 1,
    "2": 1
  },
  "path_length_distribution": {
    "4": 410,
    "5": 358,
    "3": 102,
    "7": 27,
    "6": 98,
    "8": 3,
    "1": 1,
    "2": 1
  },
  "hard_mode": false
}